id,sku,name,sellingPrice,createdAt
cmjifbdxe000vjw04358528db,"manual-mjifbdxe-1h5osu","300W Solar Panel, 200Ah Gel Battery, 1000W Inverter, 30A Controller, 5 DC Bulbs, 10m Cable",39000,2025-12-23T10:09:51.171Z
cmjif1rzr0001jw04w0yr7dqi,"manual-mjif1rzr-41iqzd","5 DC bulbs",350,2025-12-23T10:02:22.840Z
cmjif1rzl0000jw04ioup553w,"manual-mjif1rzk-aliuqv","300W Solar Kit: 300W Panel, 10m Cable, 5 DC Bulbs, 1000W Inverter, 30A Controller, 200Ah Battery",39000,2025-12-23T10:02:22.833Z
cmjid22b00002i204l7zu0jts,"manual-mjid22az-b2225y","cable clip",150,2025-12-23T09:06:36.972Z
cmjid22as0001i204hqjkh3ga,"manual-mjid22ar-50u7pa","5pcs bulb holders",350,2025-12-23T09:06:36.964Z
cmjid22ah0000i204vhzr70a3,"manual-mjid22ag-zjnrih","5m 4.0mm Cable - 5 Red, 5 Black",1300,2025-12-23T09:06:36.953Z
cmjicv3zo0000ld048hjcrptl,"manual-mjicv3zo-uaerke","3 Bulb Holders",210,2025-12-23T09:01:12.565Z
cmji8n2iz0000kw04zu51rcgz,"manual-mji8n2iz-jhg3vb","HITHIUM 1KW BATTERY",34000,2025-12-23T07:02:58.956Z
cmji7774w0000l104trwttyxf,"manual-mji7774v-tjn389","100W Solar Full Kit: 100W Panel, 80Ah Battery, 300W Inverter, 10A Controller, 5 DC Bulbs, 10m Cable",13000,2025-12-23T06:22:38.816Z
cmjhzlzib0000k104yfqo852z,"manual-mjhzlzia-kfxq1a","jhjhhh",800,2025-12-23T02:50:11.843Z
cmjhkx9dm0000l504vb2d0snc,"manual-mjhkx9dl-4901bh","Test order 4",500,2025-12-22T19:59:03.611Z
cmjhcoujh0000jy04zjz394ld,"manual-mjhcoujg-916rh0","2 x 450W Solar Panels",21000,2025-12-22T16:08:34.205Z
cmjhcertt000oi804zw154hxd,"manual-mjhcerts-aocbbx","100Ah Yachu Battery + 24"" TV",26799,2025-12-22T16:00:44.129Z
cmjhc9i260000i804hy1gqatq,"manual-mjhc9i25-h1vr3y","250W Solar Kit",27500,2025-12-22T15:56:38.190Z
cmjhc7pje001bjp049kow19ko,"manual-mjhc7pjd-nkibpl","600W Inverter",2500,2025-12-22T15:55:14.570Z
cmjhc424w0000jp0490d7580b,"manual-mjhc424w-ge3y8b","1kVA Hero EE Powerstation Kit",37499,2025-12-22T15:52:24.273Z
cmjhbwm4p000okw042fw9tamo,"manual-mjhbwm4o-5nuut8","150w kit",19999,2025-12-22T15:46:36.937Z
cmjhbuvck0000kw04gd5czpnk,"manual-mjhbuvck-su8p1q","450W Solar Panel, 1.5kVA Inverter, 100Ah Lithium Battery, 1.5mm Twin Cable Roll, Roof Rail",53500,2025-12-22T15:45:15.573Z
cmjhbo419002nji04vpzkbfvf,"manual-mjhbo419-4hi2lz","150VA Inverter + 4 Bulbs",2080,2025-12-22T15:40:00.238Z
cmjhbl80r001zji044ei8eix5,"manual-mjhbl80r-eud0rk","80Ah Battery + 5 Bulbs",7850,2025-12-22T15:37:45.436Z
cmjhbgxn9000oji04mgvkeotf,"manual-mjhbgxn9-dnqill","100W Solar Kit + 22"" TV",19500,2025-12-22T15:34:25.366Z
cmjhbeibv0000ji04fglswkh0,"manual-mjhbeibv-jn3gwe","100w kit and 5pcs bulb holders",13709,2025-12-22T15:32:32.204Z
cmjhb5ekr001zk104mt57cksk,"manual-mjhb5ekq-etanem","515W Solar Panel",10000,2025-12-22T15:25:27.435Z
cmjhb2vqz001bk1040bp6dge8,"manual-mjhb2vqy-aw1qeb","1kva Hero Ee lithium powerstation kit",44400,2025-12-22T15:23:29.723Z
cmjh9z81j0000k104qnki5rqy,"manual-mjh9z81j-j8ijwr","150W Solar Kit: 150W Panel, 100Ah Battery, 10m Cable, 5 DC Bulbs, 20A Controller",20000,2025-12-22T14:52:39.416Z
cmjh7v78p0011jp04ate7xdbf,"manual-mjh7v78p-zbszg5","150W Solar Panel, 100Ah Battery, 600W Inverter, 30A Controller, 5 DC Bulbs, 10m Cable",20000,2025-12-22T13:53:32.522Z
cmjh76ihy0001jp0460zhtqju,"manual-mjh76ihx-7oga26","20m Cable",400,2025-12-22T13:34:20.710Z
cmjh76iho0000jp04u826uhs2,"manual-mjh76ihn-19h6jr","Photo Control",600,2025-12-22T13:34:20.700Z
cmjh4u50e000xjz04b9zh5sul,"manual-mjh4u50e-1m1uqv","100W Flood Lights",3500,2025-12-22T12:28:44.127Z
cmjh4u507000wjz049h1tnhhd,"manual-mjh4u507-mj3mna","40m Cable",800,2025-12-22T12:28:44.120Z
cmjh4u4zu000vjz0417znerei,"manual-mjh4u4zt-vhb4tj","250W Solar Full Kit: 250W Panel, 20A Controller, 100Ah Battery, 10m Cable, 600W Inverter",27500,2025-12-22T12:28:44.106Z
cmjh0y4c50001jz043aortzpu,"manual-mjh0y4c5-dcxzmp","300W Floodlight Set (2 pcs)",11600,2025-12-22T10:39:51.414Z
cmjh0y4bx0000jz04fyytl96i,"manual-mjh0y4bw-hxvzl4","3.84 kWh Lithium Battery (12.8V, 300Ah)",49000,2025-12-22T10:39:51.405Z
cmjgymwea0000kz04vi2r3ltc,"manual-mjgymwe9-m2cdc5","200W Floodlight",4500,2025-12-22T09:35:08.674Z
cmjgwh40g0003l704fh5jy325,"manual-mjgwh40g-n9uj1n","Test 5",550,2025-12-22T08:34:39.377Z
cmjgwh4090002l7046m3bdqvu,"manual-mjgwh409-9kpurp","Test 4",400,2025-12-22T08:34:39.370Z
cmjgwh3zz0001l704fc5k2umx,"manual-mjgwh3zy-bmo5r0","Test 2",100,2025-12-22T08:34:39.359Z
cmjgwh3zr0000l704d2y2r3m1,"manual-mjgwh3zq-hff3vc","Test 1",200,2025-12-22T08:34:39.352Z
cmjgvta840004je048t46xxfi,"manual-mjgvta83-hte2ao","test5",6000,2025-12-22T08:16:07.684Z
cmjgvta7x0003je04fb6s7u40,"manual-mjgvta7w-gznm8a","test4",5000,2025-12-22T08:16:07.678Z
cmjgvta7q0002je04cd2oux6a,"manual-mjgvta7q-t8hww4","test3",4000,2025-12-22T08:16:07.670Z
cmjgvta7j0001je04sobnoqmk,"manual-mjgvta7i-fzo5oa","test2",4000,2025-12-22T08:16:07.663Z
cmjgvta780000je04aafnty9e,"manual-mjgvta78-mgaxw9","Test1",4000,2025-12-22T08:16:07.653Z
cmjgvij6o0002ky04w5j7eurq,"manual-mjgvij6o-mw36rn","Full set 4",300,2025-12-22T08:07:46.080Z
cmjgvij6h0001ky04idq84lro,"manual-mjgvij6h-bt6tbn","Full set 3",2500,2025-12-22T08:07:46.073Z
cmjgvij670000ky04feu3eb4u,"manual-mjgvij67-6ibdny","Full set 1",4000,2025-12-22T08:07:46.064Z
cmjgv1j5m0001l404i37c9mb4,"manual-mjgv1j5m-1p1pv2","Full kit 2",600,2025-12-22T07:54:32.891Z
cmjgv1j5h0000l404bylzxb0a,"manual-mjgv1j5g-kli385","Full kit 1",500,2025-12-22T07:54:32.885Z
cmjgqui4v0000l404wajhxfh4,"manual-mjgqui4v-jkhplu","Solar set",500,2025-12-22T05:57:06.512Z
cmjgp16qg0001jr04x2dar618,"manual-mjgp16qg-q5pkvv","500 set",500,2025-12-22T05:06:19.097Z
cmjgp16q60000jr04wz3org38,"manual-mjgp16q5-ot00yk","full set",1000,2025-12-22T05:06:19.087Z
cmjgn6axw0001jm04oy9jr2fg,"manual-mjgn6axv-kwg5jy","FULL TEST 2",100,2025-12-22T04:14:18.596Z
cmjgn6axq0000jm047or15k26,"manual-mjgn6axp-lz3fa8","FULL TEST",200,2025-12-22T04:14:18.590Z
cmjg67gmg0000l804o61ielio,"manual-mjg67gmf-bnsee5","gffdgg",4000,2025-12-21T20:19:19.145Z
cmjg5lp2i0000le04ogj9uipj,"manual-mjg5lp2h-0izgoh","1000 guld",10000,2025-12-21T20:02:23.658Z
cmjg5gpfm0000jr04qae1b43z,"manual-mjg5gpfl-kd4cdy","200AH",25000,2025-12-21T19:58:30.851Z
cmjfzybw90000l2040vcjygje,"manual-mjfzybw8-snquc9","Full set 2",1000,2025-12-21T17:24:15.417Z
cmjfy55mi0000js04t2ysj1ij,"manual-mjfy55mh-pou6t4","Jackson Kioko",1000,2025-12-21T16:33:34.650Z
cmjfwmlwi0000l704atl6m6a8,"manual-mjfwmlwh-fdea4f","Test 3",15000,2025-12-21T15:51:09.666Z
cmjfw1mbw000old04jgldh312,"manual-mjfw1mbw-4rztgi","Test300",10,2025-12-21T15:34:50.445Z
cmjfw02j50000ld04dv8ogu8n,"manual-mjfw02j5-fa8zcz","test500",450,2025-12-21T15:33:38.130Z
cmjftqf340000ld053v6n959a,"manual-mjftqf33-or6gml","full kitt",500,2025-12-21T14:30:08.608Z
cmjfpacsi0000jm04vwlplyv9,"manual-mjfpacsh-0uk2a3","full it",500,2025-12-21T12:25:40.675Z
cmjfop4qc0000jr045cuts0fq,"manual-mjfop4qc-80whw3","test20",100,2025-12-21T12:09:10.453Z
cmjfntrii0000l904t5s9nnt4,"manual-mjfntrih-zgd3sl","full kiy",1000,2025-12-21T11:44:46.986Z
cmjflh9d7000oji04j641pwbm,"manual-mjflh9d7-9id4vo","Test10",8000,2025-12-21T10:39:04.364Z
cmjfl7kww0000ji043ue3ldgl,"manual-mjfl7kwv-qs746d","Test",25000,2025-12-21T10:31:32.768Z
cmjfk8qwx0000l204fwsb39m5,"manual-mjfk8qww-u43ay7","All full kit",35000,2025-12-21T10:04:27.585Z
cmjepd2l70000js047srllcii,"manual-mjepd2l6-m4c6k9","fullset",13000,2025-12-20T19:40:01.243Z
cmjee21nf0000jr04nytp4fzx,"manual-mjee21ne-q40e23","100W Solar Panel, 80Ah Battery, 300W Inverter, 10A Controller, 5 DC Bulbs, 10m Cable, 24"" TV",20500,2025-12-20T14:23:31.035Z
cmjed95mb000uic040cbw6ig8,"manual-mjed95mb-qab4lw","Solarmax 32"" Smart Digital TV",13000,2025-12-20T14:01:03.156Z
cmjed7t9t0000ic04ygyxppd4,"manual-mjed7t9t-b3kgfd","300W Solar Kit: 300W Panel, 200AH Battery, 30A Controller, 5 DC Bulbs, 10m Cable, 100W Inverter",38999,2025-12-20T14:00:00.498Z
cmjecxvle0000ld04lrcl49cj,"manual-mjecxvld-2ur8yk","150W Solar Kit: 150W Panel, 100AH Battery, 30A Controller, 600W Inverter, 5 DC Bulbs, 10M Cable",19999,2025-12-20T13:52:16.946Z
cmjecqldi005vl804fwxzbyt7,"manual-mjecqldh-27hbuu","4 Pairs MC4 Connectors",1600,2025-12-20T13:46:37.110Z
cmjecqldd005ul804qgpwlblg,"manual-mjecqldc-jhq6e1","Plug",500,2025-12-20T13:46:37.105Z
cmjecqld7005tl80400ys3gj8,"manual-mjecqld6-whq8qn","4MM Cable",2600,2025-12-20T13:46:37.099Z
cmjecqld0005sl804strvx5rz,"manual-mjecqlcz-60c73m","Pullman 3kWh Powerstation",90000,2025-12-20T13:46:37.092Z
cmjecnmab004yl804jbwyr3or,"manual-mjecnmab-6wxnew","Solarmax 22"" Digital TV",5000,2025-12-20T13:44:18.324Z
cmjecnma5004xl804ub4iu3ls,"manual-mjecnma5-vghmir","Hithium HeroEE1 Lithium Power Station",30000,2025-12-20T13:44:18.318Z
cmjecl98y0049l804y84exgnx,"manual-mjecl98x-4gxop2","Solarmax 22"" Digital TV with Aerial",8000,2025-12-20T13:42:28.114Z
cmjeci2xk003ll8040mjfq6g1,"manual-mjeci2xj-gjqcgr","Solarmax 585W All Weather Monocrystalline",9000,2025-12-20T13:39:59.960Z
cmjeca19z001pl804zs064o5g,"manual-mjeca19y-4xg76j","250W Solar Kit: Solarmax Panel, 150AH Battery, 600W Inverter, 20A Controller, 5 DC Bulbs, 10M Cable",27500,2025-12-20T13:33:44.567Z
cmjec4uw1000pl8041205jyn2,"manual-mjec4uw1-bt0sdo","4MM PV Cable",3400,2025-12-20T13:29:43.009Z
cmjec4uvt000ol8048cpf021i,"manual-mjec4uvt-36bzpe","Solarmax 300W 18V Solar Panel",9000,2025-12-20T13:29:43.002Z
cmjec4uvj000nl804ylwc26z2,"manual-mjec4uvi-tvck9o","Hithium 1KW Lithium Power Station",34000,2025-12-20T13:29:42.991Z
cmje9qf7g0000kz04vgcjrhmh,"manual-mje9qf7g-4k3ew9","100W Solar Full Kit: 100W Panel, 20A Controller, 10m Cable, 5 DC Bulbs, 300W Inverter",13500,2025-12-20T12:22:30.269Z
cmje9ayzv0000jp04r8ro0g5m,"manual-mje9ayzv-clpqa5","Full kitr",3000,2025-12-20T12:10:29.420Z
cmje7s8v80000l2049a6gdtsw,"manual-mje7s8v8-omsupj","Extension Cord",250,2025-12-20T11:27:56.133Z
cmje7fs0r0000l204w0fx63bc,"manual-mje7fs0q-34k9ta","150W Solar Kit: 150W Panel, 20A Controller, 10m Cable, 5 DC Bulbs, 600W Inverter, 100Ah Battery",20000,2025-12-20T11:18:14.427Z
cmje5moli0015lg047fgdfgdz,"manual-mje5moli-ovp0wh","5 DC Bulbs",50,2025-12-20T10:27:37.350Z
cmje5molc0014lg04db1041c5,"manual-mje5molc-cz7mvj","250W Solar Kit: Solarmax 250W Panel, 150AH Battery, 600W Inverter, 20A Controller, 5 DC Bulbs, 10M Cable",27500,2025-12-20T10:27:37.344Z
cmje2rsaq0000lg04c9uxponc,"manual-mje2rsap-vwc92k","100Ah Battery, 300W Inverter, 10A Controller, 5 DC Bulbs, 10m Cable",11500,2025-12-20T09:07:36.578Z
cmje2nn9m0000l804vcat6hhc,"manual-mje2nn9l-a81gr5","100Ah Gel Battery",11500,2025-12-20T09:04:23.434Z
cmje232nf0000la04c8ujgtjq,"manual-mje232ne-kv5h2k","Solar Floodlight",4500,2025-12-20T08:48:23.595Z
cmje1cc1l000vju04ohgxcajc,"manual-mje1cc1k-7i00la","350w solar panel",9499,2025-12-20T08:27:36.057Z
cmje16e6u0001ju04zdhuhaam,"manual-mje16e6t-6v4cfv","350W 36v Solar Panel",9500,2025-12-20T08:22:58.902Z
cmje16e6j0000ju04hi2cnpbz,"manual-mje16e6i-dgzgu0","2 x 50m Pump",17000,2025-12-20T08:22:58.891Z
cmjdzn1nn0000js04nkxzkzmr,"manual-mjdzn1nn-jo55pg","Full seet",18000,2025-12-20T07:39:56.580Z
cmjdzcsdt000ojy04m3s0roe5,"manual-mjdzcsds-u8091z","Powerstation",30001,2025-12-20T07:31:58.001Z
cmjdz8esm0000jy04bultrner,"manual-mjdz8esm-the2nr","Full set 100W",19999,2025-12-20T07:28:33.767Z
cmjdyccs30006l704n1evsbm4,"manual-mjdyccs2-nehcrm","1kVA Solarthorn Lithium Power Station",30000,2025-12-20T07:03:38.163Z
cmjdx4t5c0000lc04tq6wqlp2,"manual-mjdx4t5c-6r3ptq","Naiorbi cbd",13,2025-12-20T06:29:46.513Z
cmjdwtu1w000gjm04gx70rp6v,"manual-mjdwtu1v-teoq4s","Cable Connectors",3400,2025-12-20T06:21:14.468Z
cmjdwtu1r000fjm04tj39brst,"manual-mjdwtu1q-b699o6","Solarthon 1kW Energy Storage System",30000,2025-12-20T06:21:14.463Z
cmjdrisvg000ol404h8277gqr,"manual-mjdrisvg-3fqsya","Solar Full Kit",30000,2025-12-20T03:52:41.645Z
cmjdr6jlk0000l404h6j9oik0,"manual-mjdr6jlj-qvla3f","full kit",30000,2025-12-20T03:43:09.752Z
cmjdnmrsu0000l504qt2537z2,"manual-mjdnmrst-e6oqbv","Full Set",14000,2025-12-20T02:03:48.415Z
cmjd83krg0000lc04nbireqzu,"manual-mjd83krf-cio7vy","150W Full Kit",19999,2025-12-19T18:48:58.588Z
cmjd7asmv0000kw04tfhzzqns,"manual-mjd7asmu-a47sbz","Fukk kitt",5999,2025-12-19T18:26:35.767Z
cmjd6o3tx0000k104id06t5w6,"manual-mjd6o3tw-020s8l","Full Kiiit",30000,2025-12-19T18:08:57.189Z
cmjd2u8fj0000kw04uvos5915,"manual-mjd2u8fi-7vgjwb","Trial set",30000,2025-12-19T16:21:44.624Z
cmjd2hw6y0000i5046kgdwzgz,"manual-mjd2hw6x-wx22ky","Full kitt",30000,2025-12-19T16:12:08.890Z
cmjczkysr0003jo04peftc2vf,"manual-mjczkysq-na8ee3","5DC BULBS",359,2025-12-19T14:50:33.387Z
cmjczkysn0002jo04usktknrp,"manual-mjczkysn-pybutb","Meter Gauge",2500,2025-12-19T14:50:33.384Z
cmjczkysk0001jo04ajqfr584,"manual-mjczkysj-i9b18z","Cables with connectors",3400,2025-12-19T14:50:33.380Z
cmjczkysd0000jo04ro4tvxkv,"manual-mjczkysc-d6uext","1 kW Solarthon Power Station",30000,2025-12-19T14:50:33.373Z
cmjcyxcdr0027ky04c7vz1o05,"manual-mjcyxcdq-ijt1iq","4 DC Bulbs",280,2025-12-19T14:32:11.247Z
cmjcyk3jr000oky04m2yf4rhy,"manual-mjcyk3jr-v9eljy","100Ah SolarMax Gel Battery",14000,2025-12-19T14:21:53.272Z
cmjcxazxm0000ky04o6x4gd22,"manual-mjcxazxl-fn4pt9","Full set",10000,2025-12-19T13:46:49.066Z
cmjcvf10a0000i604t859oih9,"manual-mjcvf109-jnabfz","Full kit 13000",145000,2025-12-19T12:53:57.850Z
cmjcriqio0000jo04myi0udoj,"manual-mjcriqio-n5j4fb","1kW Energy Bean Lithium Power Station",29999,2025-12-19T11:04:52.417Z
cmjckvsh80000la04dugtrvys,"manual-mjckvsh7-cqwe09","Full",19999,2025-12-19T07:59:04.173Z
cmjcj7gr90000l104ooaor8q5,"manual-mjcj7gr9-1vbddk","24"" TV",7500,2025-12-19T07:12:09.622Z
cmjcht3w60005jv04ktlo1gdh,"manual-mjcht3w6-wuu3qp","1kWh Lithium Power Station, 300W Solar Panel, 10m Drop Cable",42400,2025-12-19T06:33:00.151Z
cmjch9hwc0000lg043t3e5e85,"manual-mjch9hwb-tmmhc2","Solarthon 1 kW Energy Bean",30000,2025-12-19T06:17:45.180Z
cmjblufya000ii904jyvnobcf,"manual-mjblufy9-1rv8bq","10 x 300W Floodlights",43000,2025-12-18T15:38:14.722Z
cmjbls6980000i9041xe1l5hz,"manual-mjbls698-hgm7xd","1 kVA Solarthon Inverter Power Station",21000,2025-12-18T15:36:28.845Z
cmjblkczq0000k0046a6l8rbv,"manual-mjblkczq-gqsrb6","12V Water Pump",4499,2025-12-18T15:30:24.327Z
cmjblhg980000ih04ijenkq7d,"manual-mjblhg97-si2t3u","100W Solar Panel, 80Ah Battery, 300W Inverter, 10A Controller, 5 DC Bulbs, 10m Cable, 22"" TV, Aerial, Cable Clips",20150,2025-12-18T15:28:08.588Z
cmjbjrc910004k104saj20dy4,"manual-mjbjrc91-k346h9","5 Bulb Holders",350,2025-12-18T14:39:50.726Z
cmjbjllv90000l104igt94bjj,"manual-mjbjllv9-0oznok","50M Pump, 250W Solar, 1 Float Switch, 10M 4.0mm Dropping Cable, 2 Pairs Connectors",21400,2025-12-18T14:35:23.254Z
cmjbjc40i000ijx04rflk4cqp,"manual-mjbjc40i-ysr1og","CABLE LADS",100,2025-12-18T14:28:00.210Z
cmjbjc40a000hjx04e98rzru8,"manual-mjbjc40a-n71vdj","100AH BATTERY",10000,2025-12-18T14:28:00.203Z
cmjbj08g80004lg049bhrd5df,"manual-mjbj08g8-j4al1b","Gypsum screws, 1 box",150,2025-12-18T14:18:46.089Z
cmjbj08g50003lg04dtfb4o25,"manual-mjbj08g5-10sam8","3 x 5W LED Bulbs",210,2025-12-18T14:18:46.085Z
cmjbj08g10002lg046blmkez6,"manual-mjbj08g1-6vx112","1x 2-gang socket with patress, 2x 1-gang socket patresses",500,2025-12-18T14:18:46.081Z
cmjbj08fx0001lg045535g2rm,"manual-mjbj08fx-1r59l7","1x 4GAG switch with patress, 2x 1GAG switches with patress",700,2025-12-18T14:18:46.078Z
cmjbj08fr0000lg04v9myl1zq,"manual-mjbj08fr-19yvvy","300W Solar Panel, 200Ah Battery, 1000W Inverter, 30A Controller, 5 DC Bulbs, 10m Cable",39000,2025-12-18T14:18:46.072Z
cmjbbu4e80000la04q5xnzyk0,"manual-mjbbu4e8-elfqa4","200W Solar Full Kit: 200W Solar Panel, 600W Inverter, 10m Cable, 5 DC Bulbs, 100Ah Battery, 30A Controller",22000,2025-12-18T10:58:03.585Z
cmjbb88sm0000l704lkzvgyvo,"manual-mjbb88sl-la0wsx","100W Solar Panel, 80Ah Battery, 10A Controller, 5 DC Bulbs, 10m Cable",11200,2025-12-18T10:41:02.854Z
cmjba0vyn0002js04mdpojjcz,"manual-mjba0vym-nrnuni","300w solar panel",9000,2025-12-18T10:07:20.015Z
cmjba0vyf0001js04fb0ey3e7,"manual-mjba0vyf-38302t","cables with connectors",3400,2025-12-18T10:07:20.008Z
cmjba0vy50000js04p44upcme,"manual-mjba0vy4-7s3u2v","1kw solarthon energy storage system",30000,2025-12-18T10:07:19.997Z
cmjb9v3zj0000i3048szplp89,"manual-mjb9v3zj-jxwllc","Solarthon 1 kW Lithium Energy Storage Power Station",30000,2025-12-18T10:02:50.479Z
cmjb9ov5s0007lb04ar21vhbu,"manual-mjb9ov5s-gpktn7","1kW Energy Storage System, Cables & Connectors, 300W Solar Panel",30000,2025-12-18T09:57:59.105Z
cmjb9349q0000jl0424hu58py,"manual-mjb9349p-iaotox","1kW Energy Storage System, Cables with Connectors, 300W Solar Panel",38000,2025-12-18T09:41:04.478Z
cmjb8grza000ul204atx04gpz,"manual-mjb8grza-6i00km","Full et",12000,2025-12-18T09:23:42.119Z
cmja9a6my000hl20485go5ech,"manual-mja9a6mx-bet73n","Full Kit",13000,2025-12-17T16:58:47.962Z
cmja3g9ov000ilb045xx76niw,"manual-mja3g9ov-10mgr8","12V Pump with 200W Solar Panel",12000,2025-12-17T14:15:34.160Z
cmja38i7k0000lb04hbwaour9,"manual-mja38i7j-ukd7jz","150W Solar Kit",20000,2025-12-17T14:09:31.952Z
cmja356ir0000l404sei0tzp3,"manual-mja356iq-pp7278","100W solar kit, 80Ah battery, 300W inverter, 10A controller, 5 DC bulbs, 10m cable",13000,2025-12-17T14:06:56.835Z
cmja14za40001jm046uwjigmx,"manual-mja14za4-4q6h06","10m Red and 10m Black Cable",440,2025-12-17T13:10:48.221Z
cmja14z9w0000jm04qc6t4q8v,"manual-mja14z9v-x7fa2h","150w kit,100ah battery,600w inverter,30ah controller,5dc bulbs 10m cable",19999,2025-12-17T13:10:48.212Z
cmja0htcm0000k4042hnz5rae,"manual-mja0htcl-r3amsp","15m Booster Pump",5500,2025-12-17T12:52:47.446Z
cmja05ggj0000l604uc6tfavb,"manual-mja05ggi-v4qbqs","Full kit",13000,2025-12-17T12:43:10.867Z
cmj8lsa0l0000jx04899a8zca,"manual-mj8lsa0l-h5ik6o","585W Solar Panel",9000,2025-12-16T13:13:15.190Z
cmj8kwg4m0002kz04ega2opez,"manual-mj8kwg4m-7zsiyx","arial",500,2025-12-16T12:48:30.118Z
cmj8kwg4h0001kz04zz940aj5,"manual-mj8kwg4g-9hwhaj","43 "" tv",20000,2025-12-16T12:48:30.113Z
cmj8kwg4a0000kz04vxpk1y2v,"manual-mj8kwg49-0a0q2f","250w fullkit,150ah battery,600w inverter,30ah controller,5dc bulbs ,10m cable",27500,2025-12-16T12:48:30.106Z
cmj8k5gl30000jp048zpr966h,"manual-mj8k5gl2-tw30jl","Pullman 3kW Solar System: 2x 450W Panels, Cables with Connectors",114599,2025-12-16T12:27:30.999Z
cmj8jtmrr0002jy04eyl4x9dp,"manual-mj8jtmrr-xo4s1l","Woofer Speaker",3500,2025-12-16T12:18:19.144Z
cmj8jtmrk0001jy04jt607n3k,"manual-mj8jtmrj-qhjx3c","22"" TV",6500,2025-12-16T12:18:19.136Z
cmj8jtmr90000jy047thdu8tb,"manual-mj8jtmr8-hu9hce","100W Solar Full Kit: 100W Panel, 10m Cable, 10A Controller, 5 DC Bulbs, 300W Inverter",13000,2025-12-16T12:18:19.125Z
cmj8ibfbo0001l4041112mmb3,"manual-mj8ibfbo-d03y1m","26"" TV",7500,2025-12-16T11:36:10.069Z
cmj8ibfbe0000l404sfza3l85,"manual-mj8ibfbd-klsap4","200W solar kit with 100Ah battery, 30A controller, 5 DC bulbs, and 10m cable",19800,2025-12-16T11:36:10.059Z
cmj8gz28s0000jy04v755n33f,"manual-mj8gz28r-aid3ea","15 METERS WATER PUMP",4500,2025-12-16T10:58:33.628Z
cmj8gbywg0000jv04upargwv2,"manual-mj8gbywg-j2dha4","1kVA Solarthon Lithium Power Station",30000,2025-12-16T10:40:36.208Z
cmj8akpue0001l804eqjr0ejd,"manual-mj8akpud-iqkzcd","Delivery Fee",500,2025-12-16T07:59:26.678Z
cmj8akpu30000l8040b7yyvtn,"manual-mj8akpu3-b8cuma","150W full kit, 100Ah battery, 600W inverter, 20A controller, 5 DC bulbs, 10m cable",20000,2025-12-16T07:59:26.668Z
cmj88jawn0000l50433amgc83,"manual-mj88jawn-8xswz3","3 x 300W Solar Panels",21000,2025-12-16T07:02:21.432Z
cmj86xh670001l404iyiosvn1,"manual-mj86xh67-az2cmv","Solarmax 250W Solar Panel",8500,2025-12-16T06:17:23.504Z
cmj86xh5y0000l404gbzhjrrf,"manual-mj86xh5x-76plct","Starmax 100AH Solar Battery",10000,2025-12-16T06:17:23.494Z
cmj7aao8i000rjr04gfoyi4gr,"manual-mj7aao8i-mjmklk","1 kVA Energy Bean",29999,2025-12-15T15:03:51.859Z
cmj7a6o9o0004jr04sfxu0pwt,"manual-mj7a6o9o-xb68va","100w solar,300w inverter+10A controller",6800,2025-12-15T15:00:45.277Z
cmj7a0qvp0008jl041kgnx4rd,"manual-mj7a0qvp-jjjvuq","100W Solar Full Kit",13000,2025-12-15T14:56:08.726Z
cmj79uxfe000ijl0445ctu5co,"manual-mj79uxfe-xesp68","20m Solar Pump with 250W Panel",14000,2025-12-15T14:51:37.274Z
cmj79nvnc0000jl04c5j5ahhk,"manual-mj79nvnb-syrpqs","30A Controller, 150W Solar Panel, 12m 4.0mm Cable",8000,2025-12-15T14:46:08.376Z
cmj79au0v002ojv04pmgnr44i,"manual-mj79au0v-vb0xnx","100W Solar Kit",14000,2025-12-15T14:35:59.744Z
cmj793h7z0022jv04isv94v9g,"manual-mj793h7y-y73wa2","300w solar panel
200ah battery
1000w inverter
30a controller
5dc bulbs
10m cable",39000,2025-12-15T14:30:16.559Z
cmj792ym6001kjv04eqz807oy,"manual-mj792ym6-obubjh","300W Inverter",2500,2025-12-15T14:29:52.447Z
cmj7911x30012jv049z5wjvhq,"manual-mj7911x3-58heh1","1000W Inverter",6000,2025-12-15T14:28:23.416Z
cmj78zbt40000jv049n88h84a,"manual-mj78zbsz-ldvibv","100w solar panel
80ah battery
300w inverter
5dc bulbs
10m cable",12000,2025-12-15T14:27:02.916Z
cmj6tkwd80001jm04jk6emgmw,"manual-mj6tkwd8-zx73sz","Delivery fee",1000,2025-12-15T07:15:55.485Z
cmj6tkwd40000jm047zh8szn5,"manual-mj6tkwd3-31vxv0","100W Solar Panel, 80Ah Battery, 300W Inverter, 10A Controller, 5 DC Bulbs, 10m Cable",13000,2025-12-15T07:15:55.480Z
cmj4bb11d0000l704xrwoym64,"manual-mj4bb11d-bgwf0p","8m 4.0mm cable",1040,2025-12-13T13:08:49.538Z
cmj4b8ar5000ilc04cm6cieuu,"manual-mj4b8ar5-ph6tcq","585W Solar Panel, 2.56kWh Battery, 1.5kVA Inverter",71500,2025-12-13T13:06:42.161Z
cmj4b3h030000lc048e2kwbd2,"manual-mj4b3h02-jdfyu0","150W solar kit with 100Ah battery, 600W inverter, 20A controller, 10m cable, and 5 DC bulbs.",20000,2025-12-13T13:02:56.979Z
cmj4aqxk60000ju04klawikq8,"manual-mj4aqxk5-e8ckmy","32"" Smart TV",12500,2025-12-13T12:53:11.910Z
cmj49hfww0001l804rflhfe4x,"manual-mj49hfww-p1gijr","CABLE CONNECTORS",2800,2025-12-13T12:17:49.521Z
cmj49hfwm0000l804mekl4qzt,"manual-mj49hfwl-x2e8qk","200 AH BATTERY",23000,2025-12-13T12:17:49.510Z
cmj49f4yf0000l404gxk5nien,"manual-mj49f4ye-51uqrw","100AH BATTERY
5BULBS
10M CABLE
30A CONTROLLER
200W PANEL
600W INVERTER
HALF CABLE
5DC BULB HOLDERS",24348,2025-12-13T12:16:02.007Z
cmj412pvn0000lb04a2no6hpb,"manual-mj412pvm-yaub16","200W Solar Flood Light 2pcs",8300,2025-12-13T08:22:25.668Z
cmj2wt0kb0000kz04anc22x0f,"manual-mj2wt0ka-xzfnvk","150W solar kit, 100Ah battery, 600W inverter, 20A controller, 5 DC bulbs, 10m cable",20500,2025-12-12T13:35:08.315Z
cmj2vlgku0000ld04ebsjf5md,"manual-mj2vlgkt-59muh3","300W Solar Panel",9000,2025-12-12T13:01:16.206Z
cmj2u6u7f0005l504ryw3a97r,"manual-mj2u6u7f-gfn7qo","Cable Lugs",200,2025-12-12T12:21:54.412Z
cmj2u6u7b0004l504uqginv78,"manual-mj2u6u7a-1ypokb","Battery Cable",650,2025-12-12T12:21:54.408Z
cmj2u6u760003l504ratjzzkk,"manual-mj2u6u76-x9tk3u","AVS",3500,2025-12-12T12:21:54.402Z
cmj2u6u720002l504771k8yal,"manual-mj2u6u72-vjlis3","Battery Fuse",3500,2025-12-12T12:21:54.399Z
cmj2u6u6x0001l5042agtndxh,"manual-mj2u6u6w-3qlr15","2x1 Tracking",300,2025-12-12T12:21:54.393Z
cmj2u43ee0000l704k5d1w0j5,"manual-mj2u43ee-9twqg9","100W Solar Panel, 80Ah Battery, 300W Inverter, 10A Charge Controller, 5 DC Bulbs, 10m Cable, 22"" TV, Subwoofer",23000,2025-12-12T12:19:46.359Z
cmj2p0nl20000lh04ihmi9gy1,"manual-mj2p0nl2-ncephm","40Ah Gel Battery",5000,2025-12-12T09:57:07.815Z
cmj2ov0ko0000jy045v9kctw5,"manual-mj2ov0kn-b2joff","2.5 kWh Lithium Battery, 2 x 450W Solar Panels, 1.5 kVA Inverter",104000,2025-12-12T09:52:44.712Z
cmj2oq4d40000l404ayfjmde6,"manual-mj2oq4d3-ydoqz2","450W solar kit, 200Ah Starmax battery, 1500W inverter, 50A controller, 10m cable, 5 DC bulbs.",48000,2025-12-12T09:48:56.344Z
cmj2m4fcg0000jm0465ksa5mn,"manual-mj2m4fcf-rj9j60","150Ah Starmax Gel Battery",15500,2025-12-12T08:36:04.912Z
cmj2llbvp0000l404f3pxx2ph,"manual-mj2llbvp-hbka7q","50m 24V Water Pump",8500,2025-12-12T08:21:13.957Z
cmj1jzgyf0000l704ynda1cin,"manual-mj1jzgye-2v6hc5","450W SOLAR PANEL
1000W INVERTER
30A CONTROLLER
200AH BATTERY
5DC BULBS
10M CABLE",37000,2025-12-11T14:48:28.311Z
cmj1da90z0000jv04khroz18r,"manual-mj1da90y-bzkoic","10 x 5W DC Bulbs",650,2025-12-11T11:40:53.939Z
cmj1d21zb0000i604h6l6zxvh,"manual-mj1d21za-ta6vi0","100W Solar Full Kit: 100W solar panel, 80Ah battery, 300W inverter, 10A charge controller, 5 DC bulbs, 10m cable.",13000,2025-12-11T11:34:31.559Z
cmj1bqr4n0000l404iwfcmbph,"manual-mj1bqr4m-grajtv","150W Solar Full Kit: 150W solar panel, 100Ah battery, 600W inverter, 20A controller, 5 DC bulbs, 10M cable.",20000,2025-12-11T10:57:44.663Z
cmj163zt90000la04u8p4mr76,"manual-mj163zt8-87omtk","100Ah Starmax Gel Battery",10000,2025-12-11T08:20:04.749Z
cmj14xrd00000l204zuvscj9y,"manual-mj14xrd0-ii1kiw","200W solar kit, 200W panel, 100Ah battery, 600W inverter, 20A charge controller, 5 DC bulbs, 10M cable.",22000,2025-12-11T07:47:14.244Z
cmj0sqcsm0000l704emae2xjt,"manual-mj0sqcsl-9znvv7","Solarmax 1300",13000,2025-12-11T02:05:33.382Z
cmj0f656y0000ji04zgjzd7zm,"manual-mj0f656x-06s60n","SolarMax 100W Solar Panel",100,2025-12-10T19:45:55.402Z
cmj0encch0000l704fcvthh2h,"manual-mj0encch-l13njd","Item",,2025-12-10T19:31:18.210Z
cmj05q4xh004el804lxkifk2f,"manual-mj05q4xh-1b4zx2","extension cable",3400,2025-12-10T15:21:32.022Z
cmj05q4uc003zl804fkv3enl0,"manual-mj05q4uc-3naozk","1kwh  solarthon",20000,2025-12-10T15:21:31.909Z
cmj05q4r6003kl804h3y0l2sn,"manual-mj05q4r5-0ao1i5","exchanged 20m pump with 50m",3000,2025-12-10T15:21:31.794Z
cmj05q4o50035l804ufeijfzq,"manual-mj05q4o4-axrets","roofrail+2pairs connectors",1900,2025-12-10T15:21:31.685Z
cmj05q4kv002ql8043r4bx567,"manual-mj05q4ku-r9uyco","1kwh solarthorn",30500,2025-12-10T15:21:31.567Z
cmj05q4ht002bl804yqttv9wx,"manual-mj05q4hs-sjr3vs","100w kit+26tv+woofer",24000,2025-12-10T15:21:31.457Z
cmj05q4dy001wl8046vkbdav3,"manual-mj05q4dy-px91rh","1kva solarthon kit",42400,2025-12-10T15:21:31.319Z
cmj05q49m001hl804a784o11d,"manual-mj05q49l-m1s1uz","300w+150ah+600w+30A+10 cable",31600,2025-12-10T15:21:31.162Z
cmj05q46d0012l8044wva8b3i,"manual-mj05q46c-4ir2u5","2kwh powerstation",70000,2025-12-10T15:21:31.046Z
cmj05q41s000ml8045dnjjxck,"manual-mj05q41s-ecejzv","50m pump+250w panel",17000,2025-12-10T15:21:30.881Z
cmj035t0w0001ic04gh1oeoy0,"manual-mj035t0w-vx7iwt","MC 4 CONNECTORS",400,2025-12-10T14:09:44.241Z
cmj035t0o0000ic04a71oy534,"manual-mj035t0o-pxjjn3","SOLAR MANDING RAIL",1500,2025-12-10T14:09:44.233Z
cmiyriqpw003xjm0415kbd0tr,"manual-miyriqpw-nf92kk","300w solar",7000,2025-12-09T15:56:06.213Z
cmiyriqlx003ijm04jsh4l2ee,"manual-miyriqlx-0krqri","3pcs 1kva solarthon",61500,2025-12-09T15:56:06.070Z
cmiyriqhx0033jm0462w159xc,"manual-miyriqhw-gopm1y","2kwh lithium powerstation kit",86400,2025-12-09T15:56:05.925Z
cmiyriq7m0000jr04nnr45txy,"manual-miyriq7m-zjbvsp","1kwh solarthon",30000,2025-12-09T15:56:05.555Z
cmiyrippk001wjm04x29ltq6s,"manual-miyrippj-fyf9b3","200w kit",22000,2025-12-09T15:56:04.904Z
cmiyriple001hjm04ch6dx9wv,"manual-miyriple-w9hlvm","150w kit +32tv",32000,2025-12-09T15:56:04.755Z
cmiyripgx0012jm040qeywt1n,"manual-miyripgx-uzruu3","100w kit",13000,2025-12-09T15:56:04.594Z
cmiyripb8000mjm047qcsuv9h,"manual-miyripb7-9euv4a","300w kit+roof rail",29500,2025-12-09T15:56:04.388Z
cmixez9hw005cib045kp9rm7v,"manual-mixez9hw-3rf148","5kwh system",236000,2025-12-08T17:17:15.861Z
cmixez9ee004xib04yx9fordx,"manual-mixez9ed-9c2tgj","2.56kwh powerstation+2pcs 450w panel",106000,2025-12-08T17:17:15.734Z
cmixez99f004iib04kxu4qp51,"manual-mixez99e-ivgb0t","300w solamax kit",45000,2025-12-08T17:17:15.555Z
cmixez95a0043ib04easfkuex,"manual-mixez95a-r8cd0r","12v pump+200w pump",12500,2025-12-08T17:17:15.407Z
cmixez90n003oib04qyv4n8ao,"manual-mixez90n-hdqfth","2pcs 100ah battery+2pcs 30A controller+20m cable+hkd mc4 2in1 connectors+5p connectors",28600,2025-12-08T17:17:15.239Z
cmixez8ws0039ib04b8hsu8gv,"manual-mixez8wr-lrpvl1","1kva solarthon",30500,2025-12-08T17:17:15.100Z
cmixez8sv002uib04mzrsjzjz,"manual-mixez8su-75iaq5","12v pump+200w panel",12000,2025-12-08T17:17:14.959Z
cmixez8ox002fib04eg3u75um,"manual-mixez8ow-nnhlr4","550w starmax kit+4pcs 200w floodlights+2pcs 100w floodlight",75600,2025-12-08T17:17:14.817Z
cmixez8l80020ib04r18irp7b,"manual-mixez8l7-0ba8hf","2000w inverter_1000w inverter",4000,2025-12-08T17:17:14.684Z
cmixez8hi001lib0405wyn12x,"manual-mixez8hh-4k07fl","200ah starmax battery",25000,2025-12-08T17:17:14.550Z
cmixez8cf0016ib04t1q9aojn,"manual-mixez8cf-t9m177","100w kit+22tv+ariel",20000,2025-12-08T17:17:14.367Z
cmixez83n000qib04vibh6a70,"manual-mixez83n-g2z1b2","12v pump",5000,2025-12-08T17:17:14.052Z
cmimxqc330001v5mceafxho3o,"BAT-100AH","100Ah Solar Battery",12000,2025-12-01T09:16:44.079Z